<?xml version="1.0" encoding="UTF-8"?>
<project-private xmlns="http://www.netbeans.org/ns/project-private/1">
    <editor-bookmarks xmlns="http://www.netbeans.org/ns/editor-bookmarks/2" lastBookmarkId="0"/>
    <open-files xmlns="http://www.netbeans.org/ns/projectui-open-files/2">
        <group>
            <file>file:/C:/Users/matth/Documents/NetBeansProjects/TeamOneByte/src/java/Servlets/logoutServlet.java</file>
            <file>file:/C:/Users/matth/Documents/NetBeansProjects/TeamOneByte/web/OrderSuccess.jsp</file>
            <file>file:/C:/Users/matth/Documents/NetBeansProjects/TeamOneByte/web/SuccessLogin.jsp</file>
            <file>file:/C:/Users/matth/Documents/NetBeansProjects/TeamOneByte/web/PizzaBuild.jsp</file>
            <file>file:/C:/Users/matth/Documents/NetBeansProjects/TeamOneByte/web/Sides.jsp</file>
            <file>file:/C:/Users/matth/Documents/NetBeansProjects/TeamOneByte/web/Desserts.jsp</file>
            <file>file:/C:/Users/matth/Documents/NetBeansProjects/TeamOneByte/web/Drinks.jsp</file>
            <file>file:/C:/Users/matth/Documents/NetBeansProjects/TeamOneByte/web/style.css</file>
            <file>file:/C:/Users/matth/Documents/NetBeansProjects/TeamOneByte/web/Login.jsp</file>
            <file>file:/C:/Users/matth/Documents/NetBeansProjects/TeamOneByte/src/java/Servlets/newOrderServlet.java</file>
            <file>file:/C:/Users/matth/Documents/NetBeansProjects/TeamOneByte/src/java/Servlets/custLoginServlet.java</file>
            <file>file:/C:/Users/matth/Documents/NetBeansProjects/TeamOneByte/src/java/Business/Customer.java</file>
            <file>file:/C:/Users/matth/Documents/NetBeansProjects/TeamOneByte/web/Payment.jsp</file>
            <file>file:/C:/Users/matth/Documents/NetBeansProjects/TeamOneByte/web/ShoppingCart.js</file>
            <file>file:/C:/Users/matth/Documents/NetBeansProjects/TeamOneByte/web/LandingPage.jsp</file>
            <file>file:/C:/Users/matth/Documents/NetBeansProjects/TeamOneByte/web/HomePage.jsp</file>
            <file>file:/C:/Users/matth/Documents/NetBeansProjects/TeamOneByte/src/java/Business/Order.java</file>
            <file>file:/C:/Users/matth/Documents/NetBeansProjects/TeamOneByte/src/java/Business/OrderList.java</file>
        </group>
    </open-files>
</project-private>
